{
 "MARIO DELUX": [
  1048576,
  8192,
  1
 ],
 "SHANTAE": [
  3997696,
  8192,
  2
 ],
 "POKEMON GREEN": [
  851968,
  32768,
  2
 ],
 "POKEMON RED": [
  851968,
  32768,
  2
 ],
 "POKEMON BLUE": [
  851968,
  32768,
  2
 ],
 "POKEMON YELLOW": [
  1114112,
  32768,
  2
 ],
 "POKEMON_GLD": [
  1900544,
  32768,
  2
 ],
 "POKEMON_SLV": [
  1900544,
  32768,
  2
 ],
 "PM_CRYSTAL": [
  2162688,
  32768,
  2
 ],
 "POKEMON BROWN": [
  2162688,
  32768,
  2
 ]
}